{
  "accuracy": [
    0.25524118542671204,
    0.4496234357357025,
    0.5560756921768188,
    0.5986159443855286,
    0.6381030082702637,
    0.6659882068634033,
    0.6906167268753052,
    0.7301037907600403,
    0.756767749786377,
    0.7862812876701355,
    0.8202727437019348,
    0.8402197957038879,
    0.858335018157959,
    0.8624058365821838,
    0.875432550907135,
    0.8795033693313599,
    0.8886627554893494,
    0.9018929600715637,
    0.8909016847610474,
    0.9027070999145508,
    0.8976185917854309,
    0.9139018654823303,
    0.9139018654823303,
    0.9116629362106323,
    0.9159373044967651,
    0.9375126957893372,
    0.9344596266746521,
    0.9295746088027954,
    0.9352737665176392,
    0.9336454272270203,
    0.9350702166557312,
    0.9305922985076904,
    0.9346631169319153,
    0.9342560768127441,
    0.9342560768127441,
    0.9346631169319153,
    0.9295746088027954,
    0.9330347776412964,
    0.9375126957893372,
    0.9352737665176392,
    0.9354773163795471,
    0.938123345375061,
    0.935884416103363,
    0.9428048133850098,
    0.9397516846656799,
    0.9470791816711426,
    0.937309205532074,
    0.9454508423805237,
    0.9423977136611938,
    0.938530445098877,
    0.9387339949607849,
    0.9454508423805237,
    0.9468756318092346,
    0.9483004212379456,
    0.9436189532279968,
    0.9503358602523804,
    0.9552208185195923,
    0.9426012635231018,
    0.9430083632469177,
    0.9434154033660889,
    0.9448401927947998,
    0.9419906139373779,
    0.9487075209617615,
    0.9546102285385132,
    0.9515570998191833,
    0.9515570998191833,
    0.9519641995429993
  ],
  "loss": [
    1.8374382257461548,
    1.5015796422958374,
    1.353441834449768,
    1.2880597114562988,
    1.2478623390197754,
    1.2079447507858276,
    1.1770317554473877,
    1.1525627374649048,
    1.136655569076538,
    1.107886552810669,
    1.0759085416793823,
    1.0506372451782227,
    1.032138466835022,
    1.0227527618408203,
    1.0044395923614502,
    1.0010837316513062,
    0.9889346361160278,
    0.9653416872024536,
    0.9709545969963074,
    0.9635434150695801,
    0.9545829892158508,
    0.9391217827796936,
    0.9443308711051941,
    0.9368664026260376,
    0.9312801361083984,
    0.900286853313446,
    0.8945122957229614,
    0.9122819304466248,
    0.8994836211204529,
    0.8968290686607361,
    0.8990527987480164,
    0.898476243019104,
    0.894214928150177,
    0.8931061625480652,
    0.8924058079719543,
    0.8937966823577881,
    0.894324004650116,
    0.8888567090034485,
    0.8840542435646057,
    0.8850895166397095,
    0.881458580493927,
    0.870739758014679,
    0.8802936673164368,
    0.8733189105987549,
    0.8733283281326294,
    0.8631621599197388,
    0.8676003217697144,
    0.8580771088600159,
    0.863098680973053,
    0.8643112778663635,
    0.858985185623169,
    0.8578885197639465,
    0.8518959283828735,
    0.8570054769515991,
    0.8545100688934326,
    0.8526374697685242,
    0.8490009307861328,
    0.8534114956855774,
    0.8567156195640564,
    0.8526626229286194,
    0.8527106046676636,
    0.8530928492546082,
    0.8500011563301086,
    0.8452571034431458,
    0.8459145426750183,
    0.8456913828849792,
    0.8454315066337585
  ],
  "val_accuracy": [
    0.24929971992969513,
    0.4481792747974396,
    0.8095238208770752,
    0.7507002949714661,
    0.8711484670639038,
    0.8571428656578064,
    0.8795518279075623,
    0.7899159789085388,
    0.9495798349380493,
    0.9691876769065857,
    0.9831932783126831,
    0.9271708726882935,
    0.8823529481887817,
    0.9971988797187805,
    0.9775910377502441,
    0.9271708726882935,
    0.9971988797187805,
    1.0,
    1.0,
    1.0,
    1.0,
    0.9747899174690247,
    1.0,
    0.994397759437561,
    1.0,
    1.0,
    0.9971988797187805,
    1.0,
    1.0,
    1.0,
    1.0,
    1.0,
    1.0,
    1.0,
    1.0,
    1.0,
    1.0,
    1.0,
    1.0,
    1.0,
    1.0,
    1.0,
    0.9971988797187805,
    0.9971988797187805,
    1.0,
    1.0,
    1.0,
    1.0,
    1.0,
    1.0,
    1.0,
    1.0,
    1.0,
    1.0,
    1.0,
    1.0,
    1.0,
    1.0,
    1.0,
    1.0,
    1.0,
    1.0,
    1.0,
    1.0,
    1.0,
    1.0,
    1.0
  ],
  "val_loss": [
    1.9743754863739014,
    1.5078212022781372,
    0.8950374722480774,
    0.9824720621109009,
    0.7140395641326904,
    0.7899485230445862,
    0.7059900760650635,
    1.0297902822494507,
    0.6546023488044739,
    0.645697295665741,
    0.5945391654968262,
    0.6885644793510437,
    0.7828347682952881,
    0.5124636888504028,
    0.5761337280273438,
    0.6398481130599976,
    0.5294181704521179,
    0.5242862105369568,
    0.4767926335334778,
    0.5130188465118408,
    0.48481985926628113,
    0.5208975076675415,
    0.5025343298912048,
    0.4987807869911194,
    0.4839378297328949,
    0.4651971757411957,
    0.482967734336853,
    0.46552637219429016,
    0.4683915674686432,
    0.45788365602493286,
    0.4663515090942383,
    0.4589410722255707,
    0.4577491879463196,
    0.46245720982551575,
    0.46205800771713257,
    0.4595949053764343,
    0.4673873484134674,
    0.4537459909915924,
    0.46992215514183044,
    0.4564673900604248,
    0.4571796953678131,
    0.45751845836639404,
    0.4688798487186432,
    0.4647655189037323,
    0.4556865096092224,
    0.45922213792800903,
    0.458715558052063,
    0.4585699439048767,
    0.45698732137680054,
    0.45653319358825684,
    0.45455390214920044,
    0.4510030746459961,
    0.45256301760673523,
    0.4603062570095062,
    0.45367512106895447,
    0.4513474106788635,
    0.4524484872817993,
    0.45666995644569397,
    0.45180055499076843,
    0.45316261053085327,
    0.4524066746234894,
    0.45212194323539734,
    0.451863169670105,
    0.45324966311454773,
    0.45243728160858154,
    0.4516966938972473,
    0.4518083333969116
  ],
  "learning_rate": [
    0.0010000000474974513,
    0.0010000000474974513,
    0.0010000000474974513,
    0.0010000000474974513,
    0.0010000000474974513,
    0.0010000000474974513,
    0.0010000000474974513,
    0.0010000000474974513,
    0.0010000000474974513,
    0.0010000000474974513,
    0.0010000000474974513,
    0.0010000000474974513,
    0.0010000000474974513,
    0.0010000000474974513,
    0.0010000000474974513,
    0.0010000000474974513,
    0.0010000000474974513,
    0.0010000000474974513,
    0.0010000000474974513,
    0.0010000000474974513,
    0.0010000000474974513,
    0.0010000000474974513,
    0.0010000000474974513,
    0.0010000000474974513,
    0.0010000000474974513,
    0.0005000000237487257,
    0.0005000000237487257,
    0.0005000000237487257,
    0.0005000000237487257,
    0.0005000000237487257,
    0.0005000000237487257,
    0.0005000000237487257,
    0.0005000000237487257,
    0.0005000000237487257,
    0.0005000000237487257,
    0.0005000000237487257,
    0.0005000000237487257,
    0.0005000000237487257,
    0.0005000000237487257,
    0.0005000000237487257,
    0.0005000000237487257,
    0.0005000000237487257,
    0.0005000000237487257,
    0.0005000000237487257,
    0.0002500000118743628,
    0.0002500000118743628,
    0.0002500000118743628,
    0.0002500000118743628,
    0.0002500000118743628,
    0.0002500000118743628,
    0.0001250000059371814,
    0.0001250000059371814,
    0.0001250000059371814,
    0.0001250000059371814,
    0.0001250000059371814,
    0.0001250000059371814,
    0.0001250000059371814,
    0.0001250000059371814,
    6.25000029685907e-05,
    6.25000029685907e-05,
    6.25000029685907e-05,
    6.25000029685907e-05,
    6.25000029685907e-05,
    6.25000029685907e-05,
    3.125000148429535e-05,
    3.125000148429535e-05,
    3.125000148429535e-05
  ]
}