{
  "accuracy": [
    0.482421875,
    0.7738281488418579,
    0.868359386920929,
    0.9296875,
    0.940625011920929,
    0.9613281488418579,
    0.9765625,
    0.979296863079071,
    0.966796875,
    0.977343738079071,
    0.9800781011581421,
    0.989062488079071,
    0.990234375,
    0.983593761920929,
    0.9847656488418579,
    0.995312511920929,
    0.9898437261581421,
    0.994921863079071,
    0.997265636920929,
    0.9976562261581421,
    0.995312511920929,
    0.998828113079071,
    0.992968738079071,
    0.9964843988418579,
    0.996874988079071,
    0.9957031011581421,
    0.998046875,
    0.998828113079071,
    0.9984375238418579,
    0.9976562261581421,
    0.998828113079071,
    0.997265636920929,
    0.9976562261581421,
    0.999218761920929,
    0.999218761920929,
    0.9996093511581421,
    0.998828113079071,
    0.999218761920929,
    0.999218761920929,
    0.9996093511581421
  ],
  "loss": [
    1.3044896125793457,
    0.5611012578010559,
    0.3600715398788452,
    0.2135590761899948,
    0.17491503059864044,
    0.10848982632160187,
    0.07532630115747452,
    0.0696219652891159,
    0.0898888111114502,
    0.0786944180727005,
    0.054081451147794724,
    0.043931618332862854,
    0.031771671026945114,
    0.06050791218876839,
    0.05067514255642891,
    0.021072153002023697,
    0.02722741663455963,
    0.015168333426117897,
    0.0125505980104208,
    0.01071860734373331,
    0.011159839108586311,
    0.008308417163789272,
    0.022787440568208694,
    0.01946435496211052,
    0.012738521210849285,
    0.012668898329138756,
    0.011545872315764427,
    0.0064405114389956,
    0.006192470900714397,
    0.008245399221777916,
    0.004584638401865959,
    0.006836394779384136,
    0.0077457488514482975,
    0.003880569711327553,
    0.003299454227089882,
    0.004084418993443251,
    0.00512384157627821,
    0.004062913358211517,
    0.00434822216629982,
    0.0028351699002087116
  ],
  "val_accuracy": [
    0.1428571492433548,
    0.4107142984867096,
    0.9107142686843872,
    0.5857142806053162,
    0.9642857313156128,
    0.9285714030265808,
    0.8357142806053162,
    0.7607142925262451,
    0.8500000238418579,
    0.9821428656578064,
    1.0,
    0.7464285492897034,
    0.9928571581840515,
    0.7749999761581421,
    0.9928571581840515,
    0.9928571581840515,
    0.9964285492897034,
    1.0,
    0.9964285492897034,
    0.9964285492897034,
    0.9964285492897034,
    0.9964285492897034,
    0.8535714149475098,
    1.0,
    0.9964285492897034,
    1.0,
    0.9964285492897034,
    1.0,
    0.9964285492897034,
    1.0,
    0.9964285492897034,
    1.0,
    0.9964285492897034,
    1.0,
    0.9964285492897034,
    0.9964285492897034,
    0.9964285492897034,
    1.0,
    1.0,
    1.0
  ],
  "val_loss": [
    3.224558115005493,
    1.4953809976577759,
    0.26328524947166443,
    1.1651521921157837,
    0.10743918269872665,
    0.24849461019039154,
    0.4325489401817322,
    0.7959579229354858,
    0.5343599319458008,
    0.04616810753941536,
    0.002380388556048274,
    1.5196641683578491,
    0.014717722311615944,
    1.153235912322998,
    0.020597519353032112,
    0.008132712915539742,
    0.006180314812809229,
    0.0012729516020044684,
    0.0054684956558048725,
    0.005908765364438295,
    0.004979926627129316,
    0.016304561868309975,
    0.8316432237625122,
    0.0020475771743804216,
    0.003011709079146385,
    0.0011007952271029353,
    0.009063012897968292,
    0.00027863786090165377,
    0.0031547683756798506,
    0.0016845893114805222,
    0.014059564098715782,
    0.0004572772595565766,
    0.006086248904466629,
    0.0009631220600567758,
    0.0029219447169452906,
    0.008211144246160984,
    0.004832662642002106,
    0.0016525014070793986,
    0.0014539805706590414,
    0.00134606147184968
  ],
  "learning_rate": [
    0.0010000000474974513,
    0.0010000000474974513,
    0.0010000000474974513,
    0.0010000000474974513,
    0.0010000000474974513,
    0.0010000000474974513,
    0.0010000000474974513,
    0.0010000000474974513,
    0.0010000000474974513,
    0.0010000000474974513,
    0.0010000000474974513,
    0.0010000000474974513,
    0.0010000000474974513,
    0.0010000000474974513,
    0.0010000000474974513,
    0.0010000000474974513,
    0.0005000000237487257,
    0.0005000000237487257,
    0.0005000000237487257,
    0.0005000000237487257,
    0.0005000000237487257,
    0.0005000000237487257,
    0.0005000000237487257,
    0.0002500000118743628,
    0.0002500000118743628,
    0.0002500000118743628,
    0.0002500000118743628,
    0.0002500000118743628,
    0.0002500000118743628,
    0.0002500000118743628,
    0.0002500000118743628,
    0.0002500000118743628,
    0.0002500000118743628,
    0.0001250000059371814,
    0.0001250000059371814,
    0.0001250000059371814,
    0.0001250000059371814,
    0.0001250000059371814,
    6.25000029685907e-05,
    6.25000029685907e-05
  ]
}