{
  "epoch": [
    1,
    2,
    3,
    4,
    5,
    6,
    7,
    8,
    9,
    10,
    11,
    12,
    13,
    14,
    15,
    16,
    17,
    18,
    19,
    20,
    21,
    22,
    23,
    24,
    25,
    26,
    27,
    28,
    29,
    30,
    31,
    32,
    33,
    34,
    35,
    36,
    37,
    38,
    39,
    40,
    41,
    42,
    43,
    44,
    45,
    46,
    47,
    48,
    49,
    50,
    51,
    52,
    53,
    54,
    55,
    56,
    57,
    58,
    59,
    60,
    61,
    62,
    63,
    64,
    65,
    66,
    67
  ],
  "train_loss": [
    1.67751075655675,
    1.5048346214766233,
    1.400830149496993,
    1.3540640814161216,
    1.2969740126987488,
    1.2719275406634982,
    1.2217736395325005,
    1.2068434864919968,
    1.1681617602525498,
    1.135266607122856,
    1.108184833773569,
    1.0963138024606094,
    1.0601120997998739,
    1.052809246942205,
    1.0181421173260834,
    1.0034139006293272,
    0.962437354575356,
    0.9358837504080969,
    0.9232464994821497,
    0.8947438837418511,
    0.8701761269409674,
    0.8487835119631265,
    0.8260476644031168,
    0.8021236799083337,
    0.7802734800725523,
    0.7685006530098741,
    0.7660493448326742,
    0.7648270261008172,
    0.7565016407414952,
    0.7452707483546692,
    0.7625571575646424,
    0.7436057838758406,
    0.7431841396972156,
    0.7460235459569249,
    0.7426367731200024,
    0.752538835509356,
    0.7472991094979943,
    0.7645638977489162,
    0.7531157696993502,
    0.7791698390569493,
    0.7843979843127853,
    0.7921963944566585,
    0.8233481131088977,
    0.8373276536472677,
    0.8574446657520384,
    0.8634909983610131,
    0.8740311975609363,
    0.8828769695571451,
    0.9177645365929549,
    0.91102915626001,
    0.9184845782714662,
    0.9380614390787283,
    0.9213372032779359,
    0.954639562808555,
    0.9642729523316452,
    0.9497580025436275,
    0.9462121823374005,
    0.9498977010258077,
    0.948297785471715,
    0.9609788628283066,
    0.9595912991034496,
    0.9476949136854907,
    0.9414221455650948,
    0.9389976360262807,
    0.931604038145517,
    0.9102352526162709,
    0.9020616983022004
  ],
  "train_accuracy": [
    0.3142231383664004,
    0.3996392682298377,
    0.46714764236021644,
    0.4855707291935068,
    0.5103066220046379,
    0.5302757021386241,
    0.5577170832259727,
    0.5685390363308426,
    0.5896676114403504,
    0.6006183973202783,
    0.6151765009018294,
    0.622519969080134,
    0.6360474104612214,
    0.6402988920381345,
    0.6545993300695697,
    0.6600103066220047,
    0.6799793867559907,
    0.6959546508631796,
    0.7014944601906725,
    0.7120587477454264,
    0.7261015202267457,
    0.7360216439062097,
    0.7494202525122391,
    0.7584385467662973,
    0.7656531821695439,
    0.7731254831229065,
    0.7745426436485442,
    0.7790517907755733,
    0.7790517907755733,
    0.7835609379026024,
    0.7760886369492399,
    0.785751095078588,
    0.7830456068023706,
    0.7879412522545736,
    0.7842051017778923,
    0.7785364596753414,
    0.7845916001030662,
    0.7741561453233703,
    0.7763463024993559,
    0.7687451687709353,
    0.7610152022674569,
    0.760113372842051,
    0.7482607575367174,
    0.7427209482092244,
    0.7309971656789487,
    0.7271321824272095,
    0.7230095336253543,
    0.7197887142489049,
    0.7029116207163102,
    0.7115434166451945,
    0.7029116207163102,
    0.6924761659366143,
    0.704071115691832,
    0.688740015459933,
    0.6857768616335996,
    0.6908013398608606,
    0.6893841793352229,
    0.693635660912136,
    0.683715537232672,
    0.6857768616335996,
    0.6802370523061066,
    0.6915743365112085,
    0.6956969853130637,
    0.6915743365112085,
    0.6964699819634115,
    0.7057459417675856,
    0.7155372326719918
  ],
  "val_loss": [
    1.4907295554876328,
    1.2196811598080854,
    1.1550940108987002,
    1.1011805339501455,
    1.0698441805747838,
    1.0411394903293023,
    1.0119391398934217,
    1.020872912154748,
    0.9696826648253661,
    0.9511140498977441,
    0.9197520917424789,
    0.9163866358307692,
    0.8850876923937064,
    0.8830810450017452,
    0.8828078236144322,
    0.8436675186340625,
    0.8638105911131089,
    0.825591312864652,
    0.8311422484425398,
    0.8252895537477273,
    0.8005504355980799,
    0.8137038949017341,
    0.8194670270268734,
    0.823917763450971,
    0.8047728360845492,
    0.808104492437381,
    0.8241025599149557,
    0.8295925634984787,
    0.8093608738138125,
    0.8009172887183152,
    0.7965118509645646,
    0.8218973995401309,
    0.8134037614441835,
    0.7957289428091966,
    0.8067605945353324,
    0.8118243902348555,
    0.8107812450482295,
    0.8295287839495219,
    0.8528630372423393,
    0.8148351876208415,
    0.8479726320275893,
    0.8360404134369813,
    0.8516230164812162,
    0.8282891741165748,
    0.8727829840320808,
    0.9766882615020642,
    0.9193576797842979,
    0.9055334667746837,
    0.907133630835093,
    0.8767757819822202,
    0.9070318699456178,
    0.9142907519753163,
    0.959399286371011,
    0.8981725553480479,
    0.8733211325911375,
    0.9162822652321595,
    0.9041698021957507,
    0.8926823339783229,
    0.8840710440507302,
    0.8679470588954595,
    0.918409701436758,
    0.8815160617232323,
    0.8990447501150461,
    0.8566099451138423,
    0.8866552054308928,
    0.8908103833404871,
    0.8807824425972425
  ],
  "val_accuracy": [
    0.45132211538461536,
    0.5612980769230769,
    0.578125,
    0.6033653846153846,
    0.6262019230769231,
    0.6598557692307693,
    0.6556490384615384,
    0.6508413461538461,
    0.6688701923076923,
    0.6838942307692307,
    0.7127403846153846,
    0.6929086538461539,
    0.7277644230769231,
    0.7175480769230769,
    0.7193509615384616,
    0.7391826923076923,
    0.7223557692307693,
    0.7463942307692307,
    0.7512019230769231,
    0.7469951923076923,
    0.7614182692307693,
    0.7560096153846154,
    0.7536057692307693,
    0.7584134615384616,
    0.7686298076923077,
    0.7632211538461539,
    0.7566105769230769,
    0.7638221153846154,
    0.765625,
    0.7620192307692307,
    0.7674278846153846,
    0.7530048076923077,
    0.7662259615384616,
    0.7692307692307693,
    0.7626201923076923,
    0.7614182692307693,
    0.7698317307692307,
    0.7650240384615384,
    0.7427884615384616,
    0.7566105769230769,
    0.7433894230769231,
    0.7512019230769231,
    0.7506009615384616,
    0.75,
    0.7181490384615384,
    0.7109375,
    0.7223557692307693,
    0.7103365384615384,
    0.7199519230769231,
    0.7271634615384616,
    0.7133413461538461,
    0.7211538461538461,
    0.7019230769230769,
    0.7103365384615384,
    0.7205528846153846,
    0.7157451923076923,
    0.7157451923076923,
    0.7241586538461539,
    0.71875,
    0.7367788461538461,
    0.6995192307692307,
    0.7163461538461539,
    0.7235576923076923,
    0.7415865384615384,
    0.7301682692307693,
    0.7253605769230769,
    0.7313701923076923
  ],