{
  "accuracy": [
    0.2982843220233917,
    0.5196078419685364,
    0.6394608020782471,
    0.7075980305671692,
    0.7524510025978088,
    0.7928921580314636,
    0.8178921341896057,
    0.8399509787559509,
    0.8401960730552673,
    0.8651960492134094,
    0.8742647171020508,
    0.8735294342041016,
    0.8757352828979492,
    0.8946078419685364,
    0.8909313678741455,
    0.8953431248664856,
    0.8941176533699036,
    0.9083333611488342,
    0.9137254953384399,
    0.9107843041419983,
    0.9159313440322876,
    0.9230391979217529,
    0.9227941036224365,
    0.9279412031173706,
    0.928186297416687,
    0.9240196347236633,
    0.9330882430076599,
    0.9272058606147766,
    0.9325980544090271,
    0.9345588088035583,
    0.9311274290084839,
    0.9340686202049255,
    0.9375,
    0.9352940917015076,
    0.9340686202049255,
    0.936274528503418,
    0.9406862854957581,
    0.9377450942993164,
    0.9377450942993164,
    0.9436274766921997,
    0.9345588088035583,
    0.9360294342041016,
    0.9382352828979492,
    0.9389705657958984,
    0.9416666626930237,
    0.9360294342041016,
    0.935539186000824,
    0.9438725709915161,
    0.9419117569923401,
    0.9377450942993164,
    0.9414215683937073,
    0.9463235139846802,
    0.9406862854957581,
    0.9428921341896057,
    0.9431372284889221,
    0.9436274766921997,
    0.946813702583313,
    0.939460813999176,
    0.9436274766921997,
    0.9470587968826294,
    0.9458333253860474,
    0.9426470398902893,
    0.9448529481887817,
    0.9436274766921997,
    0.9485294222831726,
    0.9502450823783875,
    0.9522058963775635,
    0.9463235139846802,
    0.945588231086731,
    0.946813702583313,
    0.9409313797950745,
    0.9465686082839966,
    0.9480392336845398,
    0.9519608020782471,
    0.9473039507865906,
    0.9465686082839966,
    0.9480392336845398,
    0.9470587968826294,
    0.9453431367874146,
    0.9433823823928833,
    0.9431372284889221,
    0.9463235139846802,
    0.9446078538894653,
    0.9507352709770203,
    0.946813702583313,
    0.9480392336845398,
    0.9495097994804382,
    0.9512255191802979,
    0.947549045085907,
    0.9507352709770203,
    0.9470587968826294,
    0.9495097994804382,
    0.947549045085907,
    0.9485294222831726,
    0.9490196108818054,
    0.9509803652763367,
    0.9504901766777039,
    0.9448529481887817,
    0.9480392336845398
  ],
  "loss": [
    1.7990624904632568,
    1.4539817571640015,
    1.3217705488204956,
    1.2564220428466797,
    1.1816529035568237,
    1.1503608226776123,
    1.1050721406936646,
    1.0911415815353394,
    1.0868088006973267,
    1.0460731983184814,
    1.030965805053711,
    1.0172094106674194,
    1.0096445083618164,
    1.003068447113037,
    0.9930463433265686,
    0.9819783568382263,
    0.9802204370498657,
    0.9636738896369934,
    0.9570080637931824,
    0.9576786756515503,
    0.948732852935791,
    0.929544985294342,
    0.9222087264060974,
    0.917029857635498,
    0.9112663269042969,
    0.9200694561004639,
    0.9097036123275757,
    0.9130516052246094,
    0.9011541604995728,
    0.895025372505188,
    0.9025185108184814,
    0.8991255164146423,
    0.8896994590759277,
    0.9000442624092102,
    0.8902565836906433,
    0.8864483833312988,
    0.8895691633224487,
    0.883370578289032,
    0.8852577209472656,
    0.884605884552002,
    0.8877780437469482,
    0.8839753270149231,
    0.8728552460670471,
    0.8800298571586609,
    0.8784350752830505,
    0.8794434666633606,
    0.8811233043670654,
    0.8735175728797913,
    0.8749803900718689,
    0.8733551502227783,
    0.8717644810676575,
    0.8650211691856384,
    0.8702695965766907,
    0.8677364587783813,
    0.8654301762580872,
    0.8635343909263611,
    0.8683672547340393,
    0.8677109479904175,
    0.8627608418464661,
    0.8619986772537231,
    0.8620602488517761,
    0.8633113503456116,
    0.8570742011070251,
    0.8599709868431091,
    0.8579287528991699,
    0.8579462170600891,
    0.8532310724258423,
    0.8629785180091858,
    0.8574539422988892,
    0.8621492981910706,
    0.8573285937309265,
    0.8568645715713501,
    0.8528420925140381,
    0.8505240678787231,
    0.8516544103622437,
    0.8531109094619751,
    0.8479928374290466,
    0.8563094735145569,
    0.8530519008636475,
    0.8552945852279663,
    0.8560352325439453,
    0.8550049662590027,
    0.8529173135757446,
    0.8479692339897156,
    0.8534026741981506,
    0.8529411554336548,
    0.8504933714866638,
    0.848019003868103,
    0.8455714583396912,
    0.8489668965339661,
    0.8524458408355713,
    0.8519793152809143,
    0.8503484725952148,
    0.8511587977409363,
    0.8486064672470093,
    0.849658191204071,
    0.8513625860214233,
    0.8573829531669617,
    0.8516672849655151
  ],
  "val_accuracy": [
    0.1428571492433548,
    0.561904788017273,
    0.738095223903656,
    0.7904762029647827,
    0.9714285731315613,
    0.5333333611488342,
    0.6238095164299011,
    0.961904764175415,
    0.8761904835700989,
    0.976190447807312,
    1.0,
    0.9523809552192688,
    0.9523809552192688,
    0.9142857193946838,
    0.9952380657196045,
    1.0,
    1.0,
    1.0,
    1.0,
    0.9904761910438538,
    0.961904764175415,
    1.0,
    1.0,
    0.9952380657196045,
    1.0,
    1.0,
    1.0,
    1.0,
    1.0,
    1.0,
    1.0,
    1.0,
    1.0,
    0.9952380657196045,
    1.0,
    1.0,
    0.9952380657196045,
    1.0,
    1.0,
    1.0,
    1.0,
    1.0,
    1.0,
    1.0,
    1.0,
    1.0,
    1.0,
    1.0,
    1.0,
    1.0,
    1.0,
    1.0,
    1.0,
    1.0,
    1.0,
    1.0,
    1.0,
    1.0,
    1.0,
    1.0,
    1.0,
    1.0,
    1.0,
    1.0,
    1.0,
    1.0,
    1.0,
    1.0,
    1.0,
    1.0,
    1.0,
    1.0,
    1.0,
    1.0,
    1.0,
    1.0,
    1.0,
    1.0,
    1.0,
    1.0,
    1.0,
    1.0,
    1.0,
    1.0,
    1.0,
    1.0,
    1.0,
    1.0,
    1.0,
    1.0,
    1.0,
    1.0,
    1.0,
    1.0,
    1.0,
    1.0,
    1.0,
    1.0,
    1.0
  ],