{
  "accuracy": [
    0.2613281309604645,
    0.543749988079071,
    0.642578125,
    0.7328125238418579,
    0.789843738079071,
    0.8148437738418579,
    0.8531249761581421,
    0.9214843511581421,
    0.9457031488418579,
    0.964062511920929,
    0.965624988079071,
    0.970703125,
    0.9781249761581421,
    0.9800781011581421,
    0.9761718511581421,
    0.991015613079071,
    0.985546886920929,
    0.977343738079071,
    0.977343738079071,
    0.973828136920929,
    0.985546886920929,
    0.994921863079071,
    0.99609375,
    0.99609375,
    0.9945312738418579,
    0.9917968511581421,
    0.994921863079071,
    0.996874988079071,
    0.9984375238418579,
    0.997265636920929,
    0.9984375238418579,
    0.998046875,
    0.998828113079071,
    0.999218761920929,
    0.999218761920929,
    0.998828113079071,
    1.0,
    1.0,
    1.0,
    0.9996093511581421,
    0.9984375238418579,
    0.9996093511581421,
    1.0,
    0.998828113079071,
    1.0,
    0.9996093511581421,
    0.999218761920929,
    0.9996093511581421,
    0.9996093511581421,
    1.0,
    0.998828113079071,
    1.0,
    1.0,
    0.998046875,
    0.998828113079071,
    0.999218761920929,
    0.9996093511581421,
    1.0,
    0.9996093511581421,
    0.9996093511581421,
    0.999218761920929,
    0.9996093511581421,
    0.9996093511581421,
    0.999218761920929,
    1.0,
    0.999218761920929,
    0.9996093511581421,
    0.9996093511581421,
    0.9996093511581421,
    1.0,
    0.9984375238418579,
    1.0,
    0.9984375238418579,
    1.0,
    0.9996093511581421,
    0.9996093511581421,
    1.0,
    0.999218761920929,
    0.9996093511581421,
    0.9996093511581421,
    1.0,
    1.0,
    1.0,
    0.999218761920929,
    0.9996093511581421,
    0.9984375238418579,
    1.0,
    0.999218761920929,
    0.9996093511581421,
    0.9996093511581421,
    0.9996093511581421,
    0.9996093511581421,
    0.999218761920929,
    0.998828113079071,
    0.9996093511581421,
    0.999218761920929,
    0.9996093511581421,
    0.998828113079071,
    0.9996093511581421,
    0.999218761920929,
    1.0,
    1.0,
    0.9996093511581421,
    1.0,
    1.0,
    0.999218761920929,
    0.9996093511581421,
    0.9996093511581421,
    0.9996093511581421,
    0.998828113079071,
    1.0,
    0.999218761920929,
    0.9996093511581421,
    0.9996093511581421,
    1.0,
    0.9996093511581421,
    1.0,
    1.0,
    0.9996093511581421,
    0.9996093511581421
  ],
  "loss": [
    1.790095329284668,
    1.018247365951538,
    0.737301766872406,
    0.5779100656509399,
    0.45178359746932983,
    0.38492709398269653,
    0.32661503553390503,
    0.2203863114118576,
    0.17247918248176575,
    0.1171330064535141,
    0.11528255045413971,
    0.09342218935489655,
    0.08218123018741608,
    0.0674993172287941,
    0.07927244901657104,
    0.03774954378604889,
    0.04861997812986374,
    0.06644949316978455,
    0.07004251331090927,
    0.07357269525527954,
    0.04885232448577881,
    0.0216081403195858,
    0.014147445559501648,
    0.01535055972635746,
    0.025047462433576584,
    0.030615080147981644,
    0.024530678987503052,
    0.009216586127877235,
    0.007758112158626318,
    0.008080165833234787,
    0.005423307418823242,
    0.005525351967662573,
    0.004488139413297176,
    0.004104299936443567,
    0.003894887398928404,
    0.004854947794228792,
    0.002590852789580822,
    0.002641854342073202,
    0.0018377304077148438,
    0.00245810579508543,
    0.005705409683287144,
    0.002744893776252866,
    0.0019009041134268045,
    0.004689479246735573,
    0.0013981203082948923,
    0.0021958467550575733,
    0.002941466635093093,
    0.0025078952312469482,
    0.0019607862923294306,
    0.0028439857997000217,
    0.004103557206690311,
    0.001112098339945078,
    0.0013577209319919348,
    0.0051685054786503315,
    0.0032813872676342726,
    0.002482235198840499,
    0.0021352111361920834,
    0.001150454394519329,
    0.002047741087153554,
    0.0017680374439805746,
    0.0035021372605115175,
    0.0033202762715518475,
    0.0023829289712011814,
    0.0025412803515791893,
    0.0008408208377659321,
    0.002782093361020088,
    0.002038512146100402,
    0.0016803685575723648,
    0.002951707225292921,
    0.0018792928894981742,
    0.0056882137432694435,
    0.0016499788034707308,
    0.004166323225945234,
    0.0015251452568918467,
    0.002326269168406725,
    0.0030835492070764303,
    0.0016897025052458048,
    0.0033654719591140747,
    0.002049193251878023,
    0.0029601368587464094,
    0.0019043274223804474,
    0.0012390995398163795,
    0.001968448981642723,
    0.0036680512130260468,
    0.0032068337313830853,
    0.005729935597628355,
    0.001445096917450428,
    0.0027149219531565905,
    0.0020608571358025074,
    0.0021013044752180576,
    0.00217765336856246,
    0.0031119026243686676,
    0.0027934378013014793,
    0.003686149138957262,
    0.0017923526465892792,
    0.005415727384388447,
    0.0023862943053245544,
    0.003368508769199252,
    0.002079335507005453,
    0.0028391587547957897,
    0.0018087215721607208,
    0.001355207758024335,
    0.001644606119953096,
    0.0025512403808534145,
    0.0012004516320303082,
    0.0016162557294592261,
    0.0016646850854158401,
    0.0016245648730546236,
    0.002293724101036787,
    0.003942141775041819,
    0.001451872056350112,
    0.002332808682695031,
    0.003179965540766716,
    0.002367564709857106,
    0.002293976955115795,
    0.0024373827036470175,
    0.0015228425618261099,
    0.0011114260414615273,
    0.00220893626101315,
    0.0021372800692915916
  ],
  "val_accuracy": [
    0.1428571492433548,
    0.1428571492433548,
    0.2857142984867096,
    0.27142858505249023,
    0.5535714030265808,
    0.6928571462631226,
    0.8821428418159485,
    0.9714285731315613,
    0.9607142806053162,
    0.8928571343421936,
    0.9928571581840515,
    0.9964285492897034,
    0.9785714149475098,
    0.9964285492897034,
    1.0,
    1.0,
    0.9714285731315613,
    0.9821428656578064,
    0.9785714149475098,
    0.9785714149475098,
    0.949999988079071,
    1.0,
    1.0,
    0.9964285492897034,
    1.0,
    0.9892857074737549,
    0.9964285492897034,
    1.0,
    1.0,
    1.0,
    1.0,
    1.0,
    1.0,
    1.0,
    1.0,
    1.0,
    1.0,
    1.0,
    1.0,
    1.0,
    1.0,
    1.0,
    1.0,
    1.0,
    1.0,
    1.0,
    1.0,
    1.0,
    1.0,
    1.0,
    1.0,
    1.0,
    1.0,
    1.0,
    1.0,
    1.0,
    1.0,
    1.0,
    1.0,
    1.0,
    1.0,
    1.0,
    1.0,
    1.0,
    1.0,
    1.0,
    1.0,
    1.0,
    1.0,
    1.0,
    1.0,
    1.0,
    1.0,
    1.0,
    1.0,
    1.0,
    1.0,
    1.0,
    1.0,
    1.0,
    1.0,
    1.0,
    1.0,
    1.0,
    1.0,
    1.0,
    1.0,
    1.0,
    1.0,
    1.0,
    1.0,
    1.0,
    1.0,
    1.0,
    1.0,
    1.0,
    1.0,
    1.0,
    1.0,
    1.0,
    1.0,
    1.0,
    1.0,
    1.0,
    1.0,
    1.0,
    1.0,
    1.0,
    1.0,
    1.0,
    1.0,
    1.0,
    1.0,
    1.0,
    1.0,
    1.0,
    1.0,
    1.0,
    1.0,
    1.0
  ],