{
  "overall_accuracy": 0.7397836538461539,
  "precision_weighted": 0.7409488007314716,
  "recall_weighted": 0.7397836538461539,
  "f1_weighted": 0.740123396319308,
  "f1_macro": 0.7403495432143212,
  "confusion_matrix": [
    [
      230,
      19,
      9,
      13,
      5,
      4
    ],
    [
      14,
      197,
      19,
      16,
      13,
      20
    ],
    [
      7,
      10,
      201,
      20,
      6,
      36
    ],
    [
      21,
      12,
      20,
      209,
      13,
      5
    ],
    [
      0,
      15,
      11,
      14,
      206,
      20
    ],
    [
      1,
      16,
      42,
      8,
      24,
      188
    ]
  ],
  "per_class_metrics": {
    "angry": {
      "accuracy": 0.8214285714285714,
      "f1": 0.8318264014466547,
      "samples": 280
    },
    "disgust": {
      "accuracy": 0.7060931899641577,
      "f1": 0.718978102189781,
      "samples": 279
    },
    "fear": {
      "accuracy": 0.7178571428571429,
      "f1": 0.6907216494845361,
      "samples": 280
    },
    "happy": {
      "accuracy": 0.7464285714285714,
      "f1": 0.7464285714285714,
      "samples": 280
    },
    "neutral": {
      "accuracy": 0.7744360902255639,
      "f1": 0.7729831144465291,
      "samples": 266
    },
    "sad": {
      "accuracy": 0.6738351254480287,
      "f1": 0.6811594202898551,
      "samples": 279
    }
  }
}