Model,Accuracy
SVM,0.23642857142857143
Random Forest,0.32857142857142857
Tuned SVM,0.35428571428571426
Tuned RF,0.32857142857142857
